Term,Description,Current,One Month Ago,One Year Ago,Last_Updated
6M,Canada 6-Month Bond Yield,2.71,2.795,4.93,2025-03-07 23:28:59
1Y,Canada 1-Year Bond Yield,2.65,2.75,4.69,2025-03-07 23:28:59
2Y,Canada 2-Year Bond Yield,2.594,2.6655,4.063,2025-03-07 23:28:59
3Y,Canada 3-Year Bond Yield,2.586,2.66,3.965,2025-03-07 23:28:59
5Y,Canada 5-Year Bond Yield,2.688,2.7395,3.428,2025-03-07 23:28:59
7Y,Canada 7-Year Bond Yield,2.895,2.938,3.353,2025-03-07 23:28:59
10Y,Canada 10-Year Bond Yield,3.031,3.062,3.357,2025-03-07 23:28:59
20Y,Canada 20-Year Bond Yield,3.18,3.1955,3.365,2025-03-07 23:28:59
30Y,Canada 30-Year Bond Yield,3.261,3.2575,3.262,2025-03-07 23:28:59
